Compound,a,b,c,Degradation_rate,Lap_Time
HARD,0.0020404546443781564,0.21529322796522482,95.01110245315682,0.21529322796522482,95.01110245315682
