Compound,a,b,c,Degradation_rate,Lap_Time
MEDIUM,1974.5183326688968,-1.8944357972404666,77.7575775896923,-1.8944357972404666,77.7575775896923
