Compound,a,b,c,Degradation_rate,Lap_Time
MEDIUM,127.21313330359128,-0.31302680239918673,68.60434490787546,-0.31302680239918673,68.60434490787546
