Compound,a,b,c,Degradation_rate,Lap_Time
SOFT,0.22059858512597028,-5.547405701797061,98.52829609670758,-5.547405701797061,98.52829609670758
HARD,-0.04058663319801594,1.9008037093994572,62.00445859008402,1.9008037093994572,62.00445859008402
